{
  "metrics": {
    "accuracy": 0.7829181494661922,
    "f1": 0.8782435129740519,
    "roc_auc": 0.42319925367921013,
    "pos_rate": 0.7829181551933289,
    "pred_pos_rate": 1.0,
    "mae": 0.3552837073802948,
    "rmse": 1.220659613609314
  },
  "n_samples": 4496,
  "model_path": "models/multimodal/fusion_model.pt"
}